{
  "project_info": {
    "project_number": "205365997911",
    "firebase_url": "https://clar-geological--compass-default-rtdb.firebaseio.com",
    "project_id": "clar-geological--compass",
    "storage_bucket": "clar-geological--compass.firebasestorage.app"
  },
  "client": [
    {
      "client_info": {
        "mobilesdk_app_id": "1:205365997911:android:7bd3c181d17778b90f0e12",
        "android_client_info": {
          "package_name": "com.example.clargeologicalcompass"
        }
      },
      "oauth_client": [],
      "api_key": [
        {
          "current_key": "AIzaSyD5ukir66HKp7m5B8nv88_l2VtAD-rfp7I"
        }
      ],
      "services": {
        "appinvite_service": {
          "other_platform_oauth_client": []
        }
      }
    }
  ],
  "configuration_version": "1"
}